Вжик, вжик, вжик — кто на новенького?
Вот тогда-то мы похохочем
Денёчек покумекаем — и выправим дефект!
Жадность фраера сгубила 
Не сглазьте только
НЕЕЕЕЕЕЕЕТ 
Спасибо, ребзя 
УРАААААААААААА 
ха-ха-ха
10\10
a​ахахахах 
Cлушай бабушку и инвестируй в гречку
Finita La Commedia
Hello!
I'll be back
IQ у них слишком низкий
А вас я попрошу остаться
А воз и ныне там
А вот и ты!
А вот это уже кое-что
А всего то надо было
А вы друзья как ни садитесь…
А где сюжет?
А давай устроим беседу  откровений!
А если попробовать как-то иначе?
А жизнь то налаживается
А как же
А как же может быть иначе
А какие альтернативы есть?
А кто не без греха?
А ля-ля-ля-ля-ля, а я сошла с ума… Эх, какая досада
А могло бы сложить иначе, если бы подумали заранее
А можешь простыми словами написать в чем смысл?
А нас точно никто не подслушивает?
А ну вали отсюда
А они учитывают внешние обстоятелсьства?
А покороче никак нельзя было?
А потом на других все свалят
А разговоров-то было
А родители в курсе?
А сами то вы что здесь делаете?
А судьи кто?
А теперь Горбатый! Я сказал Горбатый!
А теперь самое веселое
А то как же
А то как же
А то что?
А то нет
А толку что?
А толку что
А толку-то
А ты дерзкий
А ты когда последний раз приятное говорил любимым людям? Давайте чаще радовать тех, кто нам дорог
А ценности остаются прежними: честность, порядочность, беседа с умным, молчание с ним же
А чего рожи такие кислые?
А что если попробовать немного по другому?
А что?
А это вообще легально?
А я бы всё-таки на всякий случай проверил эту информацию
А я в них не смог увидеть человека. Настолько самодовольны
А я что вам говорил
А че это вы тут делаете, а?
А! Конфликт
А, что так можно было?
а-а
ааа
а-а-а
а-а-а-а
А-а-а-а-а-а!!!
Абзац просто
Абзац!
Ага!
Адью!
ай
ай-ай-ай
Ай-ай-ай компания, ай-ай-ай коллектив
Айда обсуждать
ай-люли
ай-яй-яй
ай-я-яй
Алаверды
Алё, вы чё?
Алё, гараж
Аллилуйя
Альтернативы не существует
Аминь
Ариведерчи
Асеньки?
Ась?
Атас ваще
Атас!
Ау-у, я потерялся
Ауфидерзейн
Афтор видать какую-то книжку из 90х прочитал
Афтору скучно жить?
ах
Ах вон что
Ах вот оно что
Ах ты
Ах, это что за слова такие?
ах-ах
Ахах страна возможностей
ах-ах-ах
Ахтунг!
Ахтунг! Все внимание сюда!
ах-х-х
Бай-бай
Банзай!
Баста!
Батюшки
Батюшки-светы
Бац!
баю-бай
баю-баюшки-баю
баюшки-баю
Бдышь
Бедные, сколько же им предстоит пережить
Без бутыля не ладится беседа
Без здравого смысла тут не обойтись
Без надежды в душе поселяется пустота
Без соли, без хлеба худая беседа
Без стакана не разберешь, что он там говорит
Без тебя этот день не был бы так хорош
Безвкусица
Бездарщина, а лезет
Безисходня сложилась ситуация
Безобразие!
Безответственных людей много
Бей сильно,дыши ровно,отвечай за свои поступки и настаивай на своем
Бес попутал
БЕСЕДА – всего лишь иллюзия. Бывают интересные монологи, и это все
Беседа – выгуливание умов
Беседа - дело занятное. У кого язык начинает побаливать, а у кого - уши опухать
Беседа — как искусство жонглера: взлетают в воздух мячики и тарелки, взлетают и опускаются, вверх и вниз, — хорошие, надежные вещи, которые сверкают в свете софитов и разбиваются с грохотом, если их упустить
БЕСЕДА - разговор без приговоров
Беседа - самое лучшее что придумало человечество за все свое сущестовавание.
Беседа - это когда три женщины останавливаются на углу, чтобы поговорить. Сплетня - когда одна из них уходит. 
Беседа - это общение между двумя людьми, когда их взгляды на проблему совпадают. Если позиции друг друга на один и тот же вопрос разнятся, то каждый будет слышать только себя и при своём и останется. 
Беседа — это диалог, а не монолог. Вот почему так редки хорошие беседы: умные собеседники из-за их малочисленности редко попадают друг на друга
Беседа – ярмарка, предназначенная для того, чтобы демонстрировать на ней второсортный умственный товар. При этом каждый склонен нахваливать свой прилавок, на чужие же едва обращает внимание»    
Беседа двух умных — это диалог, троих умных — оживлённая дискуссия,а общение четверых дураков — горячая полемика с элементами рукоприкладства
Беседа должна бы вестись как игра, в которой каждый имеет свой ход по очереди
Беседа должна быть столь же общим достоянием пирующих, как и вино
Беседа должна оставлять след в разуме слушателя
Беседа дорогу коротает, а песня - работу
Беседа кастет-а-тет
Беседа между тайнами любви.
Беседа настолько затянулась, что все более или менее приемлемые слова закончились. 
Беседа не задалась с самого начала. Оба с такой жадностью накинулись на выпивку, что вскоре один другого наотрез не понимал
Беседа ни о чём - это победа формы общения над содержанием разговора
Беседа одной женщины с другой напоминает перекладывание содержимого одной кастрюли в другую
Беседа оказалось бессодержательной, но успешной. Собеседники разошлись довольные друг другом никто ничего не понял, поэтому ссора не состоялась
"Беседа получилась не слишком содержательной, но зато - плодотворной и благожелательной. на каждое ""гм"" находилось своё ""пожалуй, соглашусь"""
Беседа получилось такой неспешной, что по ходу успели вздремнуть
Беседа походила на выгуливание породистых умов
Беседа прошла в тёплой дружеской обстановке женской бани
Беседа с красивой женщиной доставляет удовольствие вне зависимости от темы беседы.
Беседа с ними хуже смерти мне!    
Беседа с умным человеком - проветривание мозгов
Беседа с другим человеком помогала ему нейтрализовать силу воображения
Беседа с дураком котла пустого хуже. Он пуст внутри, при том, что закопчен снаружи
"Беседа умников - это состязание кто кого переслушает.  "
Беседа явно подзатянулась. Уже и слюна во рту кончилась, и языки опухли от трескотни, и сказать-то толком нечего. 
Беседа, как телевизор в медовый месяц — необязательна    
Беседа, которую хочется вести, должна быть тонкой, на полутонах, на полусловах..
Беседа, работа, сексуальные взаимоотношения — всем этим действиям свойственны те или иные ритмы, и мы можем произвольно варьировать или подчеркивать их
Бесит всё
Бесспорно
Бесспорное утверждение
Бестолковый треп
Бинго
Бинго! Ты вернулся!
Бис!
бла-бла-бла
Благодарю, что влилась в наш коллектив.
Благодарю. Нашел себя во многом
благодыр
Благословенен пусть будет твой день!
Блин
Блин как же мне на работе скучно(
Блин, да, что такое 
Блин…
Бляха-муха
Боже!
Боже, как это больно!
Боже…
Божечки!
Больше всего споров, как правило, возникает вокруг определения, которое бесспорно... 
Больше позитива!
Большинство вещей нам неподвластны
Большинство из нас об этом догадывалось
Большинству людей просто нечего сказать, а хочется
Бонжур!
Брависсимо
Браво!
Братишка, а ты нудный
Брейк!
Брысь
Бугага
Будем посмотреть чем закончится
Будем посмотреть, что из этого получится
Будет ещё?
Будет что рассказать потомкам
Будете обзываться, я начну ругаться
Буду по ним скучать
Буду радуделить тебе все свое время.
Будущее не нуждается в вас
Будущее, как известно, наступило, просто оно распределено неравномерно
Будь собой! Тебя любят таким, какой ты есть
Будьте готовы к непредвиденным последствиям
Будьте твердыми в вашем видении, будьте гибкими в своей тактике
Бывает, ради человека бросаешь всех, а он ради всех бросает тебя
Бывает, что всё, что вам нужно, - это поговорить с друзьями
Бывает, я сам себя не понимаю
Бывали и лучшие времена
Бывают такие скользкие темы для бесед, что собеседники в конце концов оказываются с разбитыми носами
Была аналогичная история
Было бы лучше, если бы еще вложили немного смысла
Было бы прикольно если бы люди не стеснялись свои мыслы в слух озвучивать
Было бы славно
Быть похожим на всех, значит не быть совсем.
Быть правым, это еще не решение вопроса
Бяша
"В беседе пьяных собеседников - бес без труда ""еду"" находит"
В игнор
В источник беседы бросать и мутить?
В любовном треугольнике один угол всегда тупой.
В любой непонятной ситуации иди спать
В любой фразе должен быть смысл, иначе треп какой-то
В молчании больше высказывания, чем в оживленном разговоре.
В одно ухо влетает, в другое вылетает
В приятном собеседнике особенно приятно услышать собственное эхо. 
В пролёте
В прошлый раз мы не договорили. Продолжим?
В самые тяжёлые минуты нам нужно, чтобы нас выслушали. 
В смысле?
В сонном царства и храп - беседа
В споре рождается истина
В такой ситуации не известно, как каждый из нас себя проявит
В формате этой беседы ум не был предусмотрен. 
В хорошей копании для оживлённой беседы даже водка не нужна.
В целом, если подумать, то все верно
В целом, если хорошенько подумать, то все верно
В чате рождается истина!
В эти игры не играю
В этом заложен тайный и глубокий смысл
В этом мире сложно уже кому-то верить
В этом чате ты обязательно достигнешь поставленных целей
Важно НЕ иметь собственного мнения, а общее понимание целей
Вали нахрен, брателло!
Вам тут  понравится и Вы сможете реализовать  свои способности
Вангую, все будет нормально
Вангую, дальше будет еще интересней
Вау!
Вах-вах
вах-вах-вах
Ваш визит – хорошая примета
Ваш профессиональный опыт является для нас кладом. Давайте обмениваться знаниями.
Вдох, пауза, снова в деле
везде бородатые мужики видятся
Велики в гробу перевернуться после такого
Великие мысли
Великий день, чтобы досмотреть :-)
Великий и могучий русский язык
Вера сильна: во что веришь, то и сбудется.
Верните мне мой 1980
Верхнюю планку всегда и везде определяют сумасшедшие люди
Весны тебе в душу
Весь во внимании
Вечер в радость!
Вешний путь не дорога, а пьяного речь не беседа
Взрослого человека невозможно переубедить
Виват
Видал и поинтересней
Видать не доучился в школе
Видно, что человек долго думал над этим
Вижу вас как наяву.
Вижу, урок ты усвоил. Передавай привет соратникам
Вино и мужчины – моя атмосфера
Включил дурочка
Внимательно слушает тот, кто смотрит, откуда ветер дует
Внимаю с интересом.
Во всём надо соблюдать меру, даже в скромности.
Во истину правда
Водичка избавляется от следа, другое дело глупая беседа
Возможно, когда-нибудь так и будет
Возможности есть всегда, главное, смотреть по сторонам
Возразить то особо нечем
Войдет в историю, как подонок
Вокруг каждого человека своя собственная атмосфера
Вольно, можно выдохнуть
Вольно, разойтись!
Во-первых, не делай ничего без причины и цели.
Вопросы задают все, но лишь немногие знают, как это делать правильно, чтобы беседа пошла в нужном направлении. 
Восхитительно! Лучший контент всех времен!
Вот бы только одним глазком посмотреть
Вот же закрутили
Вот же змей. Он всё врёт
Вот и поговорили по душам
Вот и славно, вот и молодцы
Вот незадача
Вот это подарок! Ты вовремя!
вот это прям праздник
Вот, и сказочке конец
Вот, это реально интересно
Воцарилось неловкое мычание
Впереди только пустота
Вполне годный контент. Пойдет
Вполне объективно описаны плюсы и минусы
Время от времени следует говорить глупости, это способствует созданию теплой дружеской атмосферы.
Врет и даже не краснеет
Врет и не краснеет
Вроде, как взрослый человек, а говори, как школьник
Врунишка
Все будет в шоколаде
Всё вернется на кругия своя
Все видят тоже самое, что и я?
Все говорить горазды. Чем докажешь?
Все доступно, для счастья нужно только желание 
Все же я не очень понял, давай начнем с начала
Все идет замечательно. К сожалению, мимо.
Все канет в лету
Все комплименты мира – для тебя!
Все коту на смарку
Все лгуны
Все недоумевают, куда дальше?
Все новое, это хорошо забытое старое
всё отлично!!! херню не пишите
Все привыкли, что я добрый и общительный, а я между прочим сердиться могу!
Все справедливо
Все старания насмарку
Все такие умные, как я погляжу
Все хотят дожить до старости, а когда доживут, ее же винят.
Всё это важно, хотя ничего не значит
Все это видят или только избранные?
Всё, трындец!
Всё, хана
Всё...
Всегда готовк диалогу с тобой.
Всем по приветику!
Всему свое время и похоже, это время настало
Всех обнял
Вставляет 
Вступая в нашу команду, ты станешь еще сильнее. Желаем успехов!
Всю жизнь будут полы мести!
Всякий раз, когда я думаю, что все повидал, всплывает что-то новое
Всякое бывает
Всякое, конечно, может произойти
Вуаля
Вы – тот самый человек, по которому я никогда не переставал скучать
Вы верите в любовь с первой строчки?
Вы посмотрите на его рожу, там все написано
Вы че, не врубаетесь?
Выбор той или иной стороны в споре – это вопрос этики
Выглядит чудесно
Выдать медаль за храбрость!
Выйти сухим из воды будет тяжело
Выскочка
га-га-га
Где ты пропадал?
Где-то я об этом уже читал
Где-то я это уже видел
Героями не рождаются, героями умирают
Гип-гип, ура!
Гип-гип-ура
Главное в беседе ни о чём - не вдаваться в подробности.  
Главное в жизни найти: себя, своих и свою…
Глупость - увлекательная беседа с самим собой.
Глядь, что они творят! 
гмм-м
Говори, что думаешь, думай, что говоришь. Следуй все этому правилу, проблем было бы меньше
Говорит запутанно, нифига не понятно
Говорит одно, а думает совершенно другое
Говорит, как песню поет
Говорить легко удивительно тяжело    
Говорить не думая — все равно что стрелять не целясь
Говорю это абсолютно серьезно!
Говорят  реально хорошо, вы молодец прямо как я
Говорят, как по бумажке
Говорят, что медитация помогает
Говорят, что чудес не бывает
Говорят, это типичная ситуация
Годы идут, а ты всё не меняешься.
Голодному волку — кухню стеречь.
гоп-ля
Гоп-стоп мы подошли из-за угла
Горбатого могила исправит
Гордимся, что ты с нами!
Горячие головы, когда-нибудь нарвутся на неприятности
Господи!
Господи….
Господя….
Гостям всегда рады!
Гусары, молчать!
Д - Деградация
Да будет благословенным твой день!
Да в итоге окажется, что там все геи и лесбы
Да нет, я не оправдываюсь
Да там все как у всех — есть куча хороших стате
Да что, что, что вы от меня хотите?!
Да ще ты? Правда что ли?
Да, были люди в наше время, Не то, что нынешнее племя
Да, да, да и еще раз Да
да, кстати
Да, кто бы говорил
Да, ладно…
Да, никому это вообще не нужно
Да, так и было, но это не точно
Да, у него все на лице написано
Да, успокойтесь уже
Да, хватит уже этой тоски
Да, что за чушь он несет то…
да-а
Давай будем писать друг другу часами.
Давай начнем с чистого листа…
Давай не расставаться сегодня!
Давай откроем новые горизонты
Давай потратим время на приятное общение.
Давай, давай, еще чуть-чуть
Давай-же погутарим по душам
Давайте ближе к делу
Давайте вести себя, как цивилизованные люди
Давайте все дружно похлопаем
Давайте все поплачем
Давайте досмотрим до конца, а там решим
Давайте дружно помолчим
Давайте знакомиться.
Давайте подумаем, что делать дальше
Давно жду тебя.
Давно мечтало знакомстве с вами.
Давно не слышал таких умных мыслей
да-да
Да-да-да
Даже если результат не обрадует, пробовать надо.
Даже на расстоянии наши души вместе.
Дай шанс пообщаться с тобой.
Дайте волшебный пендаль
Дайте собеседнику..выслушаться 
Далеко не лучшая идея
Дамы, закройте уши …
Два самых важных дня в твоей жизни: день, когда ты появился на свет, и день, когда понял, зачем
Две самые приятные вещи: мужская беседа и женское молчание 
Двери моего дома всегда открыты глупцам. Выходите.
Двери чата всегда открыты тебе
Деградация мысли полнейшая
Действие – не ошибка. Главная ошибка – бездействие
Делай сегодня то, что другие не хотят, завтра будешь жит так, как другие не могут
Делай, что можешь, с тем, что у тебя есть, и там, где ты находишься
Делайте невозможное, остальное сделают другие
Делись проблемами! Может быть, что-нибудь порешаем.
Дело телепузиков живет и процветает
Демоны в моей голове шепчут, что все кончится плохо
Денег нет, но вы держитесь
Деньги делают людей чужими.
Деньги одинаково портят жизнь, когда есть, и когда их нет.
Деньги очень важны.
Держи от меня привет
Держите  в курсе всего, что узнали
Держите меня твое
Держите обнимашки!
Держится молодцом
Держу пальцы, что все будет хорошо
Дерзишь?
Дерзни написать мне о своем житье-бытье
Детям такое лучше не смотреть
Дикари!
Дикие люди, что с них взять!
Дипломатия – беседа, состоящая из контакта и контакт, состоящий из беседы
Дискуссия возможна только в среде, которая ее формирует
Для меня большая честь приветствовать тебя.
Для нас не должно существовать никаких пределов
Для нас честь, что ты – с нами!
Для особо одаренных :-)
Для поддержания беседы лучше делиться плохими новостями. Хорошие могут вызвать зависть и даже ступор. 
Для того, чтобы беседа с вами была приятна надо выявить знания и воспитанность
Дно пробито
До такого бреда еще нужно было додуматься
До уржачки!
Добозарятся когда-нибудь
Добро пожаловать в диалог!
Добро пожаловать в круг тех, кто мыслит и живет позитивно
Добро пожаловать в мой мир!
Добро пожаловать в мои объятия
Добро пожаловать в нашу дружную команду! Успехов и быстрого старта!
Добро пожаловать в онлайн семью.
Добро пожаловать в сообщество профи
Добро пожаловать на борт.
Добро пожаловать обратно!
Добро пожаловать! Поговори со мной.
Доброго времени суток!
Доброе время суток! Здесь вы можете рассчитывать на понимание
Доброе утро!
Добрые сплетни придают особое очарование беседе
Добрый вечер!
Добрый день!
Добрый день! Не терпится увидеть тебя в деле.
Добрый день! От наших слов зависит, какими красками будет играть мир вокруг нас. 
Добрый день! Счастье, что ты присоединился!
Довольно на этом!
Дожили
Докапываясь до правды, нет уверенности, что не придется закапывать.
Долго же тебя не было!
Долой несправедливость
Долой старое, да здравствует новое!
Дорогой друг, приветствуем тебя в компании звезд
Досвидос
Достаточно!
Достичь дна прежде всего. А потом назад, в Социум
Дружба - нечто более возвышенное, чем непринужденная беседа 
Дружище, как сам?
"Дружочек, ты видимо не понял с кем общаешься. Вот эта твоя манера речи ""клоунская"" меня не впечатляет, давай встретимся за гаражами, объясню на понятном тебе языке, языке боли"
Дудочки!
Думать уже не модно
Дурацкие дела должны рождать умные вопросы
Дурка ждет
Душа просит веселья
Душевная беседа всегда затягивается – пока алкоголь не кончается
Душевного утра!
Дык
ёбс
Его слова ласкают мою душу
Единственная беседа, которая может чему-нибудь научить, это беседа с самим собой
едрёна мать
Едрена-матрена
едри твою рыбу!
Е-еее, гали-гали
Ёелы-пылы-дык
ей-Богу
ей-ей
Ёклмн
Ёксель-моксель
ёлки зелёные
Ёлки-моталки
ЁЛКИ-ПАЛКИ
Ёлы-палы
Ё-моё
Ё-моё, вздохнула вся страна
Ёпрст
ёпт
Ёпта
ёпть
Ералаш, да и только
"Если  хотите что-то сделать, но не решаетесь, ждете ""знака свыше"" - то вот он"
Если беседа не слишком оживлённая то по ходу можно слегка вздремнуть
Если бы все говорили только по делу, человечество давно бы утратило дар речи
Если бы знать заранее, что до этого дойдет
Если бы не трусил, все бы получилось
Если бы прилетели инопланетяне, они бы офигели
Если бы пришелцы это увидели, они бы офигели
Если бы я был на их месте, то поступил бы иначе
Если бы мужчины знали, как проводят время женщины, когда они одни, они ни за что бы не женились. 
"Если в беседе сошлись два очень вежливых человека, которые стараются друг другу поддакивать, то разговор получается довольно странный. Одни ""да"" слышны с непродолжительными паузами"
Если все хорошо, значит кто-то врет
Если глупость не укладывается в голове, значит, обязательно прорвется наружу. 
Если говорят только об одном, значит говорят ни о чём. 
Если есть что обсудить – пишите.
Если не мы, то кто же?
Если не получается жить, как нравится, пусть понравится, как живешь.
Если невесело, значит, что-то делается не так.
Если нельзя вечно жить, можно сделать дни яркими!
Если неспешная беседа перешла во взаимное осыпание оскорблениями, то это уже дискуссия
Если отвечать ерундой на чепуху, то беседа на любую тему, даже самую скучную тему, заблистает яркими красками
Если отвечать ответом на ответ, то беседа потечёт по неожиданному руслу. 
Если очень захотеть, можно в космос полететь
Если почаще кивать головой, то молчанием ничего не испортишь. А наоборот оставишь после себя впечатление внимательного и разумного собеседника
Если разговор не идет, значит, он идет не туда
Если тебе сложно, окружающие не твоего уровня.
Если ты прав, будь логичен. Если не прав – постарайся сбить с толку
Если ты пришел, значит день действительно хороший!
Если ты решишь пообщаться, это улучшит мой день
Если углубились, то надо и разработать
Если упасть духом, и расшибиться недолго.
Если хорошо расхотеть, все будет замечательно.
Если эта история реальная, то Ваш путь идеален!
Естественно
Естественно!
Есть одна мысль на этот счет
Есть одно НО….
Есть слова, которые замыкают беседу, как железная дверь
ети его мать
ети тебя в душу
ети-разъети
етит твою ети
етить-колотить
Ехали-ехали и приехали
Ёшкин кот
Ёшкин кот
Еще и не такое переживали
Еще и не такое увидим
Еще не вечер
Еще немного, еще чуть-чуть
Жалкие они какие-то
Жалкое извинение после грубой ошибки.
Жаль мужика (
Жги давай
Ждалименно тебя!
Ждем, ждем, ждем
Жду вас, чтобы быть полезной!
Желаю более глубако разобраться в ситуации
Желаю здравствовать тому, кто нам близок!
Желаю здравствовать!
Желаю комфортного общения
Желаю получить от общения максимум удовольствия
Жесть история, а про тупость уже сказали
Жесть какая-то
Жесть!
Живое общение стало признаком статуса
Жизнь забавная штука
Жизнь измеряется не прошедшими днями, но запоминающимися.
Жизнь не настолько сложна, какой мы ее делаем.
Жизнь пестрит возможностями каждую секунду.
Жить хорошо! А хорошо жить еще лучше!
За базар надо отвечать
За свои слова надо отвечать
За сим позвольте откланяться
За такое можно и по мордамс
За чем? За шкафом!
Забейте!
Заваруха, опять заваруха
Зависть, это естественно
Загрузили по полной
Задержись на минутку
Задолбали уже совсем
Задолбало всё!
Задумайтесь прежде чем выжимать газ в пол…
Заждались тебя!
Закончится все хорошо, обещаю
Закрой свое хлебало
Залетай на новенькое
Залип, интересненько
Заметная личность
Замолкаю и внимательно слушаю
Замучали своей нудятиной
Занимательная статистика...
Занудство
Запахло жаренным
Затворничество – удел интеллектуалов
Заходи на перекур
Заходи, не стесняйся
Зачем вообще их приглашают, если им сказать нечего?
Зашел на огонёк
Зашквар
Звезда в шоке
Звезда чата снова с нами
Звучит интересно
Звучит как тост
Звучит стремно
Здарова! Покайся, грешник!
Здесь к тебе прислушаются
Здесь каждый тебе рад
Здесь можно разговаривать даже с самим собой
Здесь прочитают всё, что ты напишешь
Здесь тебе всегда рады!
Здесь тебе ничто не угрожает, оставайся!
Здесь тебе рады
Здесь тебя ждут
Здесь только актуальные новости и анонсы предстоящих мероприятий.
Здесь ты сможешь получить новую дружбу и наслаждаться теплыми моментами
Здорово встретиться с тобой
Здорово!
Здорово, братва!
Здорово, грешник!
Здорово, дед на сто лет.
Здравия желаю!
Здравствуй!
Здравствуй! Чат помнит о тебе!
Здравствуй, дорогой!
Здравствуй, коли не шутишь
Здравствуй, мой драгоценный друг.
Здравствуй, незнакомый мне человек.
Здравствуй, нужный человек!
Здравствуйте
Здравствуйте! Возник вопрос?
Здравствуйте! Выбрав нас, вы выбрали успех. Отныне все будет хорошо.
Здравствуйте! Добро пожаловать в чат хорошего настроения. Приятного вам досуга!
Здравствуйте! Меня зовут Евгений.
Здравствуйте! Пожалуйста, не стесняйтесь знакомиться и общаться с другими пользователями.
Здравый смысл подвезли немного?
Здрасте!
Здрасьте
Здрасьте, мои мечты и страсти!
Здрасьте-мордасьте
Здрысни отсюда
Здрямс!
Знаю такой тип людей, ничего хорошего
Зудит у него где-то
И будут они жить-поживать, добра наживать
И взаправду так
И вот он – ты!
И да пребудет с тобой сила!
И даже глазом не моргнул
И завертелось…..
И как им не стыдно такую фамилию позорить?
И невелика беседа, да честна. Красно поле пшеном, а беседа умом
И пале о палец не ударили
И после этого вы утверждаете, что он прав?
И после этого они меня называют занудой?
И снова, здравствуйте
И так сойдет
И тебя вылечат, и меня вылечат… Всех вылечат!
И ходют, и ходют
И чё?
И чего сказать то хотел?
И что в результате? Куча дерьма!
И чувство и ум мы совершенствуем или, напротив, развращаем, беседуя с людьми. Стало быть, иные беседы совершенствуют нас, иные — развращают. Значит, следует тщательно выбирать собеседников
И эти люди называют себя экспертами?
И эти туда же
И это пройдет
И этот туда же
И каждый слушает себя…
И шо я в тебя такой влюбленный, а?
и?
Игноришь?
и-го-го
И-го-го, погнали
Идеальная беседа - когда двое идеальных обсуждают свои достоинства. 
ИДЕАЛЬНО 
Иди поспи
Иди, безобразник. Да побыстрее!
Идиоты)))
Известно чем все это закончится
Извините
Извините, так не получится
Изи изи
Изыди, ирод!
Иллюзия, не иначе
Им всё всегда будет не так
Им удалось мене переубедить
Им уж ничего не поможет
Имей, мой друг, достаточно смекалки
Иногда и такое бывает, но птьху-птьху
Иногда случается так, что оба собеседника обмениваются фальшивыми мнениями. Причём каждый из них злорадно хихикает про себя
Иногда так закрутят, что черт ногу сломит
Интересна мужская беседа про исключительность мужчин и таинственность женщин. – Всё наоборот, если будет она женской
Интересная задумка, никудышное исполнение
Интересненько
Интересно вещает
Интересно, другие думают так же как и я?
Интрига, однако
Информацию принял
Йо!
Йоу-Йоу
Истину глаголет
История без героя невозможна
Их невозмутимость меня просто бесит!
Их поведение непредсказуемое
Их уже не переделать
Ишь ты, какой привлекательный!
Ищут самые разнообразные причины чтобы остаться …
К душе ранимой гонят властно беды любовь и… непристойные беседы
К ним разве есть доверие после всего случившегося?
Каждому есть что сказать. Высказывайтесь.
Каждому своё
Каждый день ты должен быть лучше, чем вчера
Каждый должен заниматься своим делом
Каждый из нас – член племени
Каждый раз без сюрпризова не обходится
Каждый раз становится все хуже и хуже. Куда катится мир?
Каждый решает свои личные вопросы
Как аукнется, так и откликнется
Как бы им за это не попало
Как бы мне это развидеть?
Как бы не так
Как бы чего не случилось плохого
Как быть? Что делать?
Как в старом добром анекдоте
Как в старые добрые 
Как в том анекдоте
Как в том самом фильме
Как ваше ничего?
Как все загадочно…
Как говорил Гагарин - поехали!
Как говорится-так и говорится
как два пальца об асфальт
Как дела вообще?
Как дела?
Как же без тебя был скучен и зауряден мир этого чата…
Как же так… что же поделать….
Как же это сочно, ах!
Как красииииивоо-ооо
Как легко мы судим о людях, чья одежда нам не по вкусу
Как мне все это надоело!
как нам быть? что делать??? давай веселиться!
как настроение?
Как оно ничего?
Как по книжке читает
Как поживаете, уважаемый?
Как поживаешь, долгожданный?
Как поживаешь?
Как снежный ком на голову свалился
как так можно
Как тебе такое, Илон Маск?
Как широко известно, для беседы нужны минимум два собеседника. Что порой доставляет серьёзные неудобства. 
Как это нет? Совсем?
какашка
Какая глубокая мысль
Какая же дичь. Инфа как будто собрана из желтушных источников с сомнительной актуальностью
Какая же радость – приветствовать нового человека в чате.
Какая нечистая тебя притащила?
Какая отличная беседа: сперва завели разговор, затем его вывели, а после развели по домам
Какие все добренькие
Какие громкие слова и сколько пафоса
Какие люди! И без охраны!
Какие необычные и загадочные мысли
Какими судьбами!
Какого лешего ты здесь? 
какой план действий?
какой приятный голос
Какой только бред выдумают, наркоманы
Каменное сердце – не самое плохое. Хуже – потекший мозг.
Камера! Мотор! Съемка!
Капец, ваще
Карамба!
Квартет - это беседа четырех неглупых людей
Кирдык настал
Кирпич по ним плачет
Классика же
Классно, но всё же текстовая расшифровка не помешает.
Когда герои покидают сцену, появляются клоуны.
Когда из мира уходит солнце, все омрачается, так же и беседа, лишенная дерзости, вся не на пользу
Когда на свои вопросы вы получаете односложные ответы, то вполне возможно, что дело не в том, что собеседники настроены недружелюбно или вы их не интересуете
Когда разум и твёрдая убеждённость встречаются в доме уединения и приглашают мышление, между ними начинается тайная беседа
Когда слово на вес золота, хочется серьёзного ,длительного разговора
Когда собираются, чтобы пообщаться очень умные люди, то они много слов на разговорчики не тратят
Когда ты находишься на дне, ты можешь оттолкнуться
Когда я был маленьким, это считалось неприличным
Когда-нибудь и у нас будет подобная ситуация
Когда-нибудь об этом будут вспоминать потомки
Комар носа не подточит
Кому на Руси жить хорошо?
Кому нечего сказать, тому нечего и слушать
Кому расскажешь, не поверят
Кому это вообще может нравиться?
Контент вырви-глаз
Контент ниже среднего
Контент посредственный, автору должно быть стыдно
Конфуз приключился
Кораблю безопасней в порту, но он не для этого строился
Кораблю безопасно в гавани, но он создан для иного.
Корчусь от смеха
Кофе должен быть горячим. Разум холодным. Сердце открытым. При такой диспозиции беседа обещает радость и удовлетворение
Кошмар!
Красавчик!
Красиво жить не запретишь
Красна речь слушаньем
Кринж…
Критика вызывает в человеке одну из базовых реакций: бей, беги, замри
Критика чистого разума
Кричащее сердце побеждает разум.
Кругом одно враги
Круто, но как и все по кругу в какой-то момент захочется развития и снова придётся вернутся к расширению просто уже более осознанному
Крутяк
Кручу верчу запутать хочу
Кто бы сомневался
Кто ей мозги промыл?
Кто меня поддерживает, отзовись!
Кто никогда не совершал ошибок, тот никогда не пробовал что-то новое.
Кто пережил горе, сможет утешить другого.
Кто прав определит лишь время
Кто про что, а этот все о том же
КТО ТУТ ПРЯМО СЕЙЧАС?
Кто это такие?
кто-нибудь знает что происходит?
Кто-то бзднул в чате
Ку!
Ку-ку чтоли?
Куда катится этот мир?
Куда нас, сударь, к черту занесло?
Куда не глянь одни возможности
Куда пойти? Куда податься?
Культовый момент, войдет в историю
Кусь всех хейторов
Кусь…
Кыш отселе
Кыш!
Ладно, ладно
Ладно, перегнул…
Лады, давай поболтаем
Лапшу на уши всем вешает
Легок на помине
Лепит текст от балды
Ловко
Ловко вышло
логично
лол
Лохов тут сразу вычисляют
Лучи добра тебе в сердце.
Лучше враг, чем союзник с глупыми высказываниями.
Лучше поздно, чем никогда
Лучшее из возможных решений
Лучший аргумент против демократии - пятиминутная беседа со средним избирателем
Люблю диванных аналитиков
Люблю, когда люди в хорошем настроении.
Любое мнение судъективно
Любой повел себя так же
Любой хайп имеет срок годности 
Любые альтернативы еще хуже
Людей должна объединять общая цель, а не видение одного человека
Люди, которые легко говорят, обыкновенно трудно понимают.
Людям интересны фразы со смыслом
Ля-ля-ля
Майна-майна
Мама миа
Мама миа
Мана-мана, тыц тырырыц
Маразматик
Матушки мои
Матушки мои!
Мать его ети
Мать её перемать
Мать её так
Мать их ети
Мать моя женщина
Машу тебе рукой и остальными частями тела. Так я раднашей встрече.
мда
М-да
Мда, бывает еще и не такое
Мда, прорыв за прорывом
Мед для ушей
Мелочи тревожат нас больше всего
Мелочи, а приятно
"Меня пригласили в фильме сняться. Буду Нео помогать в новой части ""Матрицы"""
Меня радует твой светлый лик.
Мерзость! Удивительно, как это вообще разрешают показывать
Мерзость! Это самое дно, которое себе только можно представить.
Мерси
Метод яростных наскоков)звучит как метод по которому мой кот играет
мечта интроверта перфекциониста
Мила мне русская беседа
Милая дружеская беседа немного запнулась, и возникла пауза, которая вскоре подзатянулась. В наступившей тишине стал слышен скрип зубов обоих собеседников    
Милости просим.
Милый друг, не скучай
Мир вам!
Мир вашему дому!
Мир летит в бездну, а этим все нипочём
Мир сошел с ума и это только начало
Мир тебе, всяк сюда зашедший!
Мир тебе, кто бы ты ни был
Мира вам, смертные.
Мира тебе и добра!
мля
м-м
м-м-м
Мне в этой жизни все уже понятно
Мне страшен хор невежд неблагородных
Мне это очень не нравиться
Много вопросов осталось
Много времени не потерял конечно, но тяжело это назвать полезным
Могли бы сделать, что-нибудь и получше
Могло бы быть и значительно хуже
Мое почтение!
Мое почтение, грешники!
Мое тебе почтение и предпочтение
Мое эго терпит бедствие
Может им по всему миру теперь закрыться? Репутационные риски все-таки
Может, я и делаю плохие поступки, но зато хорошо.
Можно задать нескромный вопрос?
Можно ли просто купить решение?
Можно расходиться
Мозг - не мышцы, за год не накачаешь
Мозг нужно держать в чистоте
Мои глаза такого еще не видели
Мои тебе приветственные аплодисменты!
Мои утверждения подтверждены практикой
Молодец, уже неплохие результаты
Молодца, разложил все по полочкам
Молчание - особое искусство беседы.
Молчанием мила твоя беседа
Монолог - это беседа начальника с подчиненным
МОНОЛОГ - это бурная беседа с молчащими
Мощная история. Успехов вам!
Моя радостная улыбка – тебе!
Моя твоя не понимай
Моя хата с краю
Мудрец видит во всех нечто хорошее.
Муля, не нервируй меня!
Мы все в одной лодке! Зачем ее раскачивать?
Мы все живем в матрице
Мы мирные люди, но …..
Мы наполнены вниманием к тебе. Ждем, что скажешь
Мы победим!
Мы являемся тем, что постоянно делаем
Мыслить – значит молча полемизировать
Мышление, это один из видов деятельности
Мягко стелит
Н ничего страшного
На бис!
На большинство из нас ничто не действует так целительно, как долгая беседа со старыми добрыми друзьями. 
На вещи нужно смотреть позитивно
На двоечку. На большее не тянет
На дурака не нужен нож
На их место придут другие
На каждую рану мы клянемся, что это последний риск
На первый взляд выглядит как сказка, но если это действительно так то вы большой молодец
На повестке дня стоял бред, но предпочтение отдали ахинее... Беседа умных людей напоминает сбор урожая созревших плодов мысли. 
На раз-два-три сейчас все будет
На сарказм переходят люди с плохим Чувством Юмора 
На чем строятся утверждения?
На этом и закончим бесполезный диалог
На этом смело можно ставить крест
На этот раз тебя занесло куда надо.
Навострил уши 
Наглости хоть через край
Наглядно и простым языком описано, спасибо, буду ждать продолжения
Надежда на успех улетучилась
Наденьте чёрные очки, если вам предстоит беседа с глазу на глаз
Надеюсь, ты пришел с добром
Надеюсь, у вас все в порядке?
Надеюсь, что ни в последний раз
Надо же было все так испортить
Надо же было довести ситуацию до абсурда
Надо жить здесь и сейчас
Надо преодолеть высокоинтеллектуальную напряжённость беседы, соскользнув в сферу лёгкой и обыденной болтовни
Надо уметь переносить то, чего нельзя избежать.
Назревает нешуточный конфликт
Наибольшая загадка природы – человек.
Наибольшая потеря – пустая трата времени.
Найди свое место в жизни и постарайся занять его первым.
Найдите радость в двусмысленности
Наказание будет неизбежным
Наконец-то кто-то с мозгами
Наконец-то ты здесь! Весь день думаю о тебе.
Наконце-то настал тот день, когда об этом заговорили открыто
Накося-выкуси
Наличие нервных клеток не позволяет сохранять спокойствие.
Нам с тобой необходимо уделить время друг другу
Народ, выскажите мнение, как вам?
Нас бьют, мы летаем
Нас мало, но мы в тельняшках
Настоящий разговор начистоту - это беседа в бане после парилки с бокалами пива в руках 
Нате, выкуситя
Нате, держите
Начинать нужно с главного
Начни с малого! Напиши что-нибудь
Наша встреча сегодня – неслучайна
Наше сотрудничество обязательно будет продуктивным!
н-да
Не ахти вышло
Не балуйте тут без меня
не благодарите
Не будем заострять на этом внимание
Не было счастья, да несчастье помогло
Не важно о ком,важнее,что не с кем 
Не верю ни единому слову
Не верю своим глазам! Ты ли это?
Не виделтебя 100 лет. Рассказывай всё!
Не вижу причин, чтобы не восхититься твоим появлением.
Не вовремя все это
Не врите, это некрасиво
Не выдержу этого больше
Не вызывает никакого доверия
Не вырожаться
Не выспался что ли
Не гоните пургу
Не для меня придет весна
Не дождемся никак развязки
Не долго музыка играла
Не достаточно доказательств
Не жгите мосты, которые разводятся.
Не желаешь ли пообщаться некоторое время?
Не зарекайтесь
Не знал, что так можно
Не ищите себя, берите и создавайте!
Не мешайте, я думаю
Не много ли шуток на одну минуту?
Не молчи! Выскажись, и полегчает!
Не навязываюсь, но хочу с тобой пообщаться
Не надо вставлять мемы, это ужасно получается
Не напомните, как его зовут?
Не обязательно все вопросы решать самому
Не осуждайте
Не отворачивайся от голой правды, она привлекательна..
не понял, шо не так ?!
Не превращайте проблему в загадку
Не разводите сырость. Хватит ныть!
Не рефлексируйте
Не самое ужасное, но могло бы быть и лучше
Не сметь пререкаться!
Не смешно, зато правда, перестаралась в этот раз
Не смотрел, но одобряю
Не спеши. Задержись!
Не спорьте со мной. Я читал об этом в одной очень умной книжке
Не стесняйся! Высказывайся!
Не стоит копить злобу
Не только молодец, но еще и скромняга
Не тормози, скажи уже свое мнение
Не торопись покинуть чат
Не учите меня жить, лучше помогите материально
Не читал, но одобряю
Не виноват! Предки виноваты!
Не, ну что еще для счаст я нужно то?
Неандертальцы!
Невежи!
Недостойно
не-ет
Независимо от того, как долго вы здесь останетесь, выражаю свою радость по случаю вашего визита.
Незачем опасаться новых идей. Бойтесь старых.
Неизвестная доселе информация
Неконец-то что-то стоящее
Нелюди…..
Немногословно умная беседа - всегда на фоне красноречия молчания ... 
Не-не-не-не-не. Это неадекватно
Необходимы пояснения
Неожиданно проятно получилось
неплохие результаты, дальше-больше
Нерешаемый вопрос, тот, который не решают
Несказанно рад тебя видеть!
Нескучного дня!
Нескучного общения
Неспешная беседа порой так незаметно переходит в дремоту, что собеседники вскоре уже не переговариваются, а перехрапываются 
Несчастные люди
Нет лучшего собеседника, чем ты сам
Нет ничего лучше хорошей шутки
Нет уж, скучно не будет – во всяком случае, нам
Нет! Нелья!
Нетрудно завязать беседу на узелок из пары бутылок
Неудачи их преследуют по пятам
Неужели нельзя было поступить иначе?
Неужели нельзя было придумать что-то покруче
Неужели! Не прошло и года, доперло, наконец! Теперь решать будут еще год
Неужто вам покой не по карману?
Нечего работе находится там, где люди заняты непринуждённой беседой
Нечо на зеркало пенять, коли рожа крива
Ни у кого даже не возникает подобных вопросов
Ни чему их история не учит
Нижайшее мое вам почтение
Никак не могу успокоиться после увиденного
Никакого уважения
Никогда им не доверял
Никогда не делай выводов о человеке, пока не узнаешь истинные причины его поступков.
Никогда такого не было и вот опять
Никто их не шантажирует
Никто не винит себя, всегда ищет крайнего.
Никто не выбирает, что запомнится, это происходит само по себе
Никто не простит этого поступка
Никто не слушает соседа
Никуда не годится! Переделать!
Никуда не уходите, я скоро вернусь.
Никчемные людишки снова взялись за свое
Ни-ни
Ничего не вижу, ничего не слышу
Ничего не понял
Ничего не понятно, но очень интересно
Ничто не вечно под луной
Ничто не дается навсегда
Ничто так не располагает к приятной беседе, как отсутствие тем для разговора. Можно болтать, что только в голову взбредёт, не заморачиваясь о том, чтобы что-нибудь не по делу ляпнуть
Ничто так не содействует стяжанию внутреннего мира, как молчание и, сколько возможно, непрестанная беседа с собою и редкая с другими
Новая метла по новому метет. Лучше ничего не трогать
новые рекорды подъехали, новые достижения
Новый диалог уже на старте. Пусть он будет продуктивным.
Но-но
Норм 
Нострадамус и это предвидел
Нравиться получать люлей?
Ну а вообще от меня спасибо за интересные комментарии
Ну давай покумекаем, о делах наших скорбных
Ну и гадость же
Ну и дал маху
Ну и дела
Ну и судьба им выпала
Ну и что дальше?
Ну наконец-то вы пришли!
Ну ты это… Заходи, если что…
Ну ты, блин, и достал
Ну что ты такое говоришь? На самом деле все не так.
Ну я вам отыграюсь!
Ну, давайте, делитесь новостями
Ну, и какой вывоз из этого можно сделать?
Ну, и ладненько
Ну, насмпешили
Ну, не унывайте
Ну, они и вляпались
Нудят и нудят и так настроения нет
Ну-ну
Нуте-с
Ну-у, так се
О вкусах не спорят, если только иногда
О чем поговорим?
О чем предпочитаешь поговорить?
О чем речь то?
О чем тут вообще думать?
О, тепленькая пошла!
О’кей
Об этом уже никто никогда не узнает
Оба-на
Обещайте не спойлить
Обо всем можно договориться
Обожаю сплетни
Обожаю такое
Обормоты
Обошел весь интернет. Лучше чата в мире нет.
Обратитесь с просьбой и тебе обязательно помогут
Обстоятельная и серьёзная беседа для солидности должна периодически прерываться паузами длительностью не менее трёх минут
общество совсем деградировало
"Общие фразы потому и ""общие"", что никому не нужны"
Обязательно расскажу об этом всем своим друзьям
Ого
О-го-го
Огонь ваще!
Огонь просто
Огонь!
Один болтун - это подарок для разведчика. Двое умных - это беседа. Трое мудрых - это молчание. Четверо похмельных мужиков - это перебор. Пятеро женщин - это митинг
Одиноким быть нельзя. Ищите свой аналог.
Одиночество возникает там, где строят стены, а не мосты.
Одна шняга
Однако
Однако!
Однако, здравствуйте!
Одно из двух точно правда
Одно мгновение способно определить всю жизнь.
Одного выговора мало, еще добавить?
Оживлённая беседа на работе позволяет скоротать рабочий день. 
Ой
Ой-йо
Ой-ой-ой, надо бежать
Ок
Окажется, что опять никто не виноват
Оказывается, что это никому нахер не нужно, ну или нужно, но десятку таких же фриков.
Окей
Олды , а не школьники.... 
О-ля-ля
Омерзительно, даже не ожидал, что так будет
Он улетел, но обещал вернуться
Оно экономически оправдано?
Опа!
Опаньки
Опасные мысли
Опачки!
Опля
Опп-с
Ослеплен нашей встречей
Оставайся собой, других персонажей уже играют иные.
Оставайтесь с нами, будет интересно!
Оставим красивых женщин людям без воображения.
Оставь меня, старушка, я в печали
Оставь меня, старушка, я в печали!
Остановите Землю, я сойду
Остерегайтесь подобных идей
Осторожно!
Остренько
Остроумие - всего лишь острая приправа к основному блюду беседы.
ОСУЖДАЮ
От меня приветик! Улыбнись в ответик!
От судьбы не убежишь
От улыбки станет всем светлей
От чего же мне так грустно?
От чего же такие мысли?
Отвали!
Ответ должен вызывать понимание, а не недоумение
Отвыкли думать
Отдохни
Откликнулось благодарю
Откровенная беседа с женщиной увлекательнее, чем что-либо другое
Открытия приходят подготовленному уму
Откуда такие повылезали то?
Откуда у них руки растут?
Отличная мысль, надо будет записать
Отличное раскрытие темы!
Отличный момент побеседовать!
Отпетые мошенники
Отставить!
Ох, ну и завирает
Ох, уж эти засланцы
охоньки
О-хо-хо
охохоньки
охохонюшки
Ох-ох-ох! Я не знаю ответа на этот вопрос.
Охохохоньки
Охохошеньки
охти
Очень даже и неплохо. Ожидал худшего
Очень крутые результаты!
Очень мило с вашей стороны почтить нас своим присутствием.
Очень нравиться твой настрой
Очень приятно иметь гостя
Очень приятно, Царь!
очень смешно
Очередной диванный эксперт
Ощущение недосказанности
П - Позитивчик
П - Пустота
Па а ажалуйста
Пара-па-па-па...
Пардоньте, не так понял
Пародон, что ты имел ввиду?
Пару смачных люлей пойдет им на пользу
Паузы и отвлечения во время беседы подобны остановкам для любования пейзажами на пути у основного маршрута
Пацан к успеху шел
Первые на финише – не обязательно лучшие.
Перебивая собеседника - можешь сам быть побитым
Перебор
Переборщили
Перемен требуют наши сердца!
Перестаньте со мной кокетничать. Я серьезный
Перешел на тёмную сторону
Печалька
Печально я гляжу на наше поколение...
Пинарик отличный инструмент
Пишите что-нибудь красивое…
Плавно беседа течёт, но будь готов к любому повороту
Плебеи!
По ходу, ищут неприятности
Побазарят и забудут
Поболтаем?
Повторюша - дядя Хрюша
Поговорили и будя
Поговорили сами с собой
Под кофеек вообще влетела на раз два, ждём продолжение
Под твою ответственность?
Подарите мне пару ласковых слов
Поделись своими мыслями, друг
Подлянка вышла
Подожди меня!
Подожди!
Подробности нашей жизни интересуют собеседника ровно в той мере, в которой нас интересуют подробности его жизни. 
Подскажи, чем я могу тебе пригодиться?
Подташнивает немного от этого
Подумаешь, тоже мне
Пожалуй, это лучшее, что мне попадалось
Пожалуйста, уделите нам минуту  своего времени
Поживем - увидим
Позвольте не согласиться
Позвольте обрадоваться вашему прибытию.
Позвольте представиться.
Поздравляем с началом нового общения
Поздравляю!
Поздравляю! Вы стали членом нашей тусовки
Познать себя – самый большой страх
Позор на его голову
Позорище!
Пойди, проспись
Поймав в эфире суть богемных прений
Пока вас в чате не было, тут такое случилось!
Пока еще рано об этом говорить
Пока не сталкивался с такой проблемой
Пока нет доказательств, аргумент не засчитывается
Пока одни говорят, другие берут и делают
Пока сердца пылают, шансы всегда будут.
Покатит под пивко
Покеда
Покеда всем
Покедова
Поклон тебе, странник сети!
Покричат, покричат и успокоются
Полезное качество
Полундра!
Полундра, сваливаем!
Получается, что мы все неправы
Помню, было мне десять лет, я копил на новый велосипед 
Помогаете понять и принять себя и свои чувства
Помогите! Хулиганы зрения лишают!
Помолчи лучше, за умного сойдешь
Понаехали тут
Понанимают милениалов, а потом удивляются
Понос и медленная смерть
Пообещайте не смеяться :-)
Поплакаться, скорчить несчастую физиономию и все простят
Пора баиньки
Пора включить интеллектуальное смирение
Пора готовиться к зомби-апокалипсису?
Поразмыслил, поразмыслил и уснул
Порвали, как Тузик грелку
Поскорей бы это закончилось
После окончания обязательно нужно кому-то пересказать, чтобы лучше запомнить
Постараюс не обращать на это внимание
Постой, не гони
Потом может не наступить никогда
Потом ничего никому уже не дакажешь
Потрещим о том, о сем?
Похоже не розыгрыш
Похоже, что не врут
Почему они задаются этим вопросом?
Почему раньше с Вами не встретились?
Почему? Почему? Потому!
Пошлятина одна
Поясните, что имется ввиду?
Правда им не по зубам! 
Правда?
Правда? Это было бы здорово!
Правильный настрой очень важен для успеха 
Праздника не хватает
Превед!
Предлагаю скунуться на мозги
Представьте себе, да!
прекрасно
Прекрасно!
Прекрасным людям с красивой душой и добрым сердцем – привет от меня!
привет
Привет! Время общаться!
Привет! Дружная команда способна на большее, чем один человек
Привет! Здорово, что ты зашла к нам.
Привет! Пообщаемся?
Привет! Растопим лед между нами?
Привет! Тебя невозможно не заметить, настолько ты яркий.
Привет! Ты всегда – как ложка к обеду.
Привет! Ты мотивируешь меня общаться с тобой
Привет! У нас есть множество тем для обсуждения.
Привет! Хочу узнать тебя получше.
Привет, землянин!
Привет, медвед! 
Привет, собутыльники!
Привет. Излагай, что думаешь!
приветище
Приветище!
Приветствуем! Вам тут должно понравиться
Приветствую вас!
Приветствую вас, братья по разуму
Приветствую вас, земляне.
Приветствую всем сердцем!
Приветствую и улыбаюсь.
Приветствую тебя, свет очей моих!
Приветствую хорошего человека!
Приветствую! Нас ждут великие дела!
Приветствую! Расскажите, что вы ищете, и я помогу вам
Приз в студию
Призываю все к миру и спокойствию
Прикольно вроде
Примерно этого я от них и ожидал
Прими мое крепкое рукопожатие.
Прими мои самые теплые приветствия.
Принимаю твой визит со смирением и доброжелательностью.
Принимаю тебя в чат таким, каков ты есть!
Принял участие в беседе, да с таким участием, что растрогал беседу до слёз
Прислушиваюсь к самому себе, что мне дает максимальное счастье
Присоединяйся
Присоединяйся к компании позитивных и успешных
Присоединяйся к нам.
Прихоть обстоятельств
Пришел к вам с хорошим настроением
Пришлось прибегнуть к помощи нецензурных слов и выражений. Беседа, кстати, от этого не только не пострадала, а наоборот: приобрела дополнительные обертоны и стала намного экспрессивней.  
Приятная беседа делает человека жизнерадостным
Приятнее всего разговаривать с теми, кто молчит.
Приятно видеть вас в прекрасном расположении духа
Приятно застать тебя в добром здравии
Приятно иметь честь отнести себя к обеим этим категориям 
Приятно находиться среди единомышленников
Приятно послушать умного человека
Про это уже говорили 1000 раз. Сколько можно то?
Проблемы бесконечны 
Продайте беруши, не хочу это слышать
Продуктивного вам дня!
Продуктивного вам общения!
Проехали
Прокатит
Проклятие!
Промойте глаза. Уверен всё пройдёт
Прописные истины, трудно не согласиться
Простите за то, что тут наговорил
Простите меня за всё
Простите, не узнаю вас в гриме
Просто здравствуй!
Противоположности обогащаются с рождением и созреванием нового
Противоречие служитель развития
Профанами не становятся, профанами рождаются
Прочь!
Прочь, нечистая
Прошу прощения, но странный и бесполезный контент
Прощайте
Психи какие-то
Психоанализ – на Западе, а у нас - Русская Задушевная Беседа
Псомотрим на ситуацию через годик
псс-ссс
Птичку жалко!
Пусть всё вам будет во благо!
Пусть день твой будет счастливым!
Пусть не всегда, но нам приносят беды, как бритва, задушевные беседы
Пусть общение здесь приносит тебе только позитив!
Пусть решение предложит, чего болтать то
Пусть это останется тайной
Пфу на них
Пытаюсь казаться умным, поэтому говорю цитатами
Рад вас видеть!
Рад возможности пообщаться с тобой
Рад встрече. И да не будет ей конца!
Рад знакомству! Много хорошего слышало вас.
Рад познакомиться
Рад приветствовать вас в чате!
Рад приветствовать Ваше Величество
Рад, что тебя сюда занесло попутным ветром.
Радбуду помочь тебе тут освоиться!
Радвидеть тебя живым.
Ради них мы сделаем все, что угодно.
Радостно, что приобрели нового собеседника
Радуйся любым переменам, ибо все они – новые возможности.
Рады видеть тебя в добром здравии!
Рады приветствовать вас в нашей команде
Рады приветствовать исключительно одаренного человека в нашей дружной команде
Рады приветствовать тебя в своих рядах
Рады приветствовать. Надеемся, что твои ожидания будут оправданы.
Рады принять тебя в нашу компанию
Рады тебе больше, чем солнцу в небе.
Рады тебе, в каком бы настроении ты ни был
Рад, что вы зашли
Раз плюнуть
Раз такие честные, скажите…
Разбудите меня, когда закончится
Развитие остановилось на месте
Развязка уже скоро
Разговор двух глухих
Разговор зашел в тупик
Разговор ни о чём - это не какая-нибудь пустопорожняя болтовня, а серьёзная беседа о множестве ненужных и бесполезных вещей
Разрешите засвидетельствовать вам свое уважение
Разрешите приветствовать!
Рано еще делать каки-либо выоводы
Раньше были другие времена
Раньше было как-то лучше, душевней
Раньше и вечность была долговечнее
Раньше хоть цензура была, а сейчас творят, что хотят
Раньше я думал, что хуже уже быть не может
Рассуждение о политике - самое увлекательное и самое бесполезное занятие на свете. 
Растянешь разговор - получишь просьбу.
Ратудыть 
Рахлебывать то другим придется
Ребята, давайте жить дружно!
Респект, Бро!
Решайся написать мне
Решили заняться расспросами
Решись на диалог
ржунимагу
Ром мне в рот
С великими мира сего трудно разговаривать. Они не владеют искусством светской беседы, а вы - искусством беседы на вечные темы
С глаз моих долой!
С добрым зимним  утром!
С дуба рухнул?
С иным собеседником хочется обменяться не только мнениями, но и бумажниками. 
С каждым разом все интересней
С нетерпением жду общения!
Не стоит шутить с плохим чувством юмора
С прибытием!
С приятным собеседником и себя приятно послушать. 
С разговоров сыт не будешь. Сладка беседа, да голодна
С таким мировозрением еще не раз судьба поимеет
С таким настроением слона не продашь
С такими лучше не связываться
С фантазией у них все хорошо
С чего бы это?
Саечка  за испуг
Салам
Салют
Салют достойнейшему из достойных!
Салют!
Сам напросился
Самая интригующая беседа - это разговор ни о чём. Неизвестно - на какую тему занесёт
Самая удачная беседа - это та,подробности которой на следующий день забываются..
Самое важное в любой беседе – услышать невысказанное
Самый верный путь к сердцу человека — это беседа с ним о том, что он ценит превыше всего    
Самый лучший совет – это правильный вопрос 
Свежую мысль надо излагать так, чтобы раньше времени не обнажилась старая глупость
Светская беседа – это когда на вопросы ни о чем принято отвечать тем же
Светыньки
Светыньки ясный
Свистать всех наверх
Свистать всех наверх!
Свистун, мля
Свобода – путь к счастливой жизни.
Свобода - это роскошь, которую не каждый может себе позволить.
Свободен тот, кто может не лгать.
Своим комментарием ты сделал мой день!
Своим присутствием ты прекрасно дополняешь нашу компанию.
Свято место пусто не бывает
Сдается мне, джентльмены, это была комедия
Сегодня ты особенно прекрасен!
Сейчас никто об этом не парится. Берут и тупо накручивают
Сейчас описаюсь от смеха
Сейчас такие времена, что лучше не все произносить вслух
Сейчас у тебя есть возможность проявить себя
Семен Семеныч …
Семь раз проверь, прежде чем усомниться в человеке
Семь раз упади, восемь раз встань
Сердечно приветствуем вас на новом месте.
Сердечно приветствую.
Сердце государственного деятеля должно находиться у него в голове.
Сеть случайных знакомств важнее, чем крепкие связи
Сжатую в кулак руку не пожмешь.
Сильную боль не спрячешь и за самым громким смехом.
Скажи честно, что думаешь об этом?
Скажите мне, что это всё сон
Скажу по секрету, сейчас тут сидит удивительный человек. Поговорите с ним, сами узнаете
Сказать друг другу было решительно нечего
Сказать особо то и нечего
Скатертью дорога
Сколько бы ни старался, всем не понравишься.
Сколько в мире сумасшедших....
Сколько волка не корми, все равно в лес смотрит
Сколько же в мире умных и интересных людей
Сколько же профанов развелось и лезут и лезут
Сколько лет и сколько зим… Ты всегда неотразим!
Сколько лет, сколько зим!
Сколько людей, столько и мнений. Жаль, что в мире много идиотов.
Сколько яблок с тех пор попадало....
Скорее говорите, чтобы вор у вас не слямзил чудный... разговор
Скорее пиши что-нибудь.
Скоро все окончательно станет ясно
Скоро мало не покажется
Скорую! Скорую! ВРАЧА!
Скромность  это путь к неизвестности
Слабаки!
Слабая троечка. На один разок
Слава богу, ты здесь!
Слава твоей путеводной звезде!
Сладка беседа чад своих
Сладость беседы - в умении не пересолить
Слаженно как говорит
Следует опасаться подобный высказываний
Слезы из глаз так и катятся рекой
Слишком затянуто
Слишком много поставлено на кон
Слишком неторопливая беседа может незаметно оказаться обоюдным сном
Словил по полной
Слово — великое оружие жизни
Сложный вопрос не значит, что не решаемый 
Слушать мало, нужно вникать
Слышь, ты, к тебе обращаюсь
Слышьте сюды
Слышьте, чего ща поведают
Смачного пинка не хватает
Смелости у них не отнять
Смерть – далеко не трагедия. Хуже бессмысленная жизнь.
Смешно
Смешное высказывание и дело не опасно.
Смешные такие…
Смеюсь, аж колики в животе
Со мной еще и не такое случалось
Со своими мыслями иди в баню
Собеседник оказался настолько умным, что даже страшно стало. Не успеваешь даже вопрос придумать, а он уже ответ выпаливает. И попробуй докажи, что его ответ - неверный
Собрать бы их всех в одну кучу …
Совершенный человек все ищет в себе, ничтожный – в других.
Согласишься. Потому что у тебя нет выбора.
Создай здесь новую главу своей жизни
Солидарен
Солнца тебе в душу!
Соль беседы иной раз в умении её подсластить
Сорри
сорян
Сорян, нелепо вышло
Сорян, так вышло
Сошлись как-то на одной телефонной линии автовопросник и автоответчик. Беседа не блистала содержательностью, но длилась очень долго
Спасибо за ифнормацию, интересно
Спасибо тебе позитивный человек !!! 
Спасибо что сделали это за меня
Спасибо, друг!
Спасибо, мои хорошие, что зашли в гости
Спасибо, не стоит
Спасибо, что выбрал для общения этот чат
Спасибо, что не забываете нас
Спасибо, что почтилсвоим присутствием
Спасибо, что ты здесь! Нам будет очень приятно, если ты станешь  участником беседы. Присоединяйся!
Спасибо, что ты теперь с нами!
Спасибо. интересные мысли!
Спасибо. Интересный комментарий
Спойлеры запрещены
Спокойно
Спор - беседа наихудшего сорта
Спор это как спортивное состязание, а беседа - это взаимоотношения. 
Спортное утверждение
Споры позволяют оттачивать свое мышление
Справедливость восторжествовала!
Сразу к делу, да?
Срочно нужен здравый комментарий
Стали думать - получалось плохо. Стали разговаривать - беседа не задалась
Стань таким, какими не были другие.
Старый знакомый, снова здорова!
Стоит уже забыть, как страшный сон и потратить время более продуктивно
Стоп
Стопэ
Странная у них повестка
Странные они
Стремись быть не лучше других, а лучше себя вчерашнего.
Субъективность солкнулась с реальностью
Судьба подкидывает новые сюрпризы
Супер!
Супер-пупер
Суть передана верно
сцуко
Счастлив видеть! Жму руку!
Счастлив обрести тебя
Счастлив, что наши пути пересеклись в этом месте
Счастлив, что судьба свела нас
Счастливлицезреть тебя
Счастливы видеть вас в добром здравии
Счастлиприветствовать большого человека.
Счастье посещает дома, где позитивные люди.
Счастье, это когда нет несчастья
Счетчик все еще крутится
Тайное всегда становится явным
Так бы всегда
Так было всегда и вряд что-либо измениться
Так вот ты о чем. Теперь стало более понятно
Так долго ждал этого момента
Так и быть, досмотрю чем закончится
Так надо значит
Так себе удовольствие на это смотреть
такие голоса  успокаивающие, можно уснуть
Такие долго не живут
Такие интересные собеседники, всё никак не могут наговориться. 
Такие как ты на дороге не валяются.
Такое вот страшное это дело - общение: хоть умри, но скажи
Такое может случиться с каждым
Такс такс, путаем смысл и логику
Талантом собеседника обладает тот, кто имеет навыки стрелочника
Танец — это всего лишь беседа двух людей. Поговори со мной
Твое новое приключение начинается здесь
Твое появление вдохновляет.
Твоему приходу нельзя не порадоваться.
Твой визит – лучшее событие этого дня
Твой визит бесценный
Твои новые открытия начинаются здесь.
Тебя-то для счастья и не хватало…
Теперь всем придется это расхлебывать
Теперь точно – хороший день!
Тепла тебе в сердце!
Теплое тебе приветствие от меня
Терпеть не могу подхалимов
Терять то им нечего
Тест на неадекват пройден
тетушки-воробушки
Тихие ночные разговоры требуют нешуточной опоры
Тишина - это когда один задумчивый собеседник не перебивает молчание другого задумчивого собеседника
То еще удовольствие все это слушать
То ли ещё будет, ой-ой-ой
То что вы говорите другим людям, влияет на то, как люди воспринимают вас
То, что ненавидят слабые, сильные уничтожают.
Товарищ человек, помоги найти выход!
Тоже мне взрослый нашелся!
Тоже мне герой нашелся
Тоже мне открытие века
Только идиот спорит с человеком, а не с аргументами 
Только место на Земле занимают
Только на трудную работу легко устроиться.
Только несчастный знает, что такое счастье.
Только работая над своими привычками и фразами можно все изменить.
Только разговорились ни о чём, как нас прервали на самом интересном месте
Только тебя здесь и не хватало…
топ
то-то
точнямба
Тошниловка
Тошно как-то от увиденного
Тпру, тормози народ!
тпру-у-у, не гони 
Тпьху на них
трали-вали
тра-ля-ля
Трах тибидох тибидох
Трудная работа должна начинаться с неторопливого перекура и длительной  беседы
Труднее всего говорить ни о чём - постоянно на какие-то темы сбиваешься
Трудно не влюбиться
Трудности пройдут, лучшие времена настанут.
Трындеть, это вам не мешки ворочать
Тссс-сс, об этом не говорят вслух
Тудыж его налево!
Тудыть-растудыть, опять?
Тупил, тупил, - и выступил
Тут главное вовремя остановиться
Тут нужна крепкая мужская рука
Тут прям все собрали, и даже  про разные схемки
Ты – крут! А вместе мы – сила!
Ты – причина моей самой лучезарной улыбки.
Ты – самый долгожданный посетитель
Ты жива еще, моя старушка?
Ты здесь – желанный гость
Ты здесь – не лишний!
Ты как раз вовремя!
Ты лучший – просто помни это
Ты не мираж? Рады тебе, даже если ты – мираж
Ты пришел и взошло солнце
Ты украсил наш чат своим присутствием. Рады тебе!
Ты, как всегда, вовремя!
Ты?! В нашем чате? Иди, обниму!
Тысяча реверансов. Рад встрече.
Тяжело некоторым на свете живется
У вас найдется пару минут на общение?
У всех так
У каждого свой океан. И каждый по-своему в нём тонет
У каждого человека бывает такой период в жизни, когда ему кажется, что он никому не нужен.
У каждой точки зреня есть свой мотив
У любой системы рассуждений есть свои границы
У меня глаз от этого начал дергаться
У меня нет времени болтать
У меня сегодня прекрасное настроение. Хочу общаться.
У меня тоже был такой опыт, так что это правда
У меня, конечно, много свободного времени, но не настолько!
У нас не так много времени, чтобы все обсудить
У нашего соседа - веселая беседа: гуси в гусли, утки в дудки, овцы в донцы, тараканы в барабаны
У них кишка тонка
У победителей и проигравших была одинаковая цель
Уберите вы его, уже тошно смотреть
Убийственный аргумент
Убойный контент получился
Уважай всегда других, так мудрые советуют
Уверен, тебе здесь понравится
Уверен, ты нам понравишься
Увы
Угомонись уже
Угомоните их кто-нибудь
Удаляюсь
Удачного выхода в свет!
Удивите меня
Удивительное рядом
Уж лучше бы, чтоб ботали по фене.
Ужасно! Кто, это вообще придумал
Уже нашел для меня время?
Уйти сейчас будет большой ошибкой
Украл, выпил – в тюрьму. Романтика
Улетела надежда, а счастье было так близко
Улыбнись чату и добро придет само.
Умейте отличать информацию от знания
Умеют же делать, когда захотят
Уникальные люди всегда одиноки
Упал, очнулся – гипс!
упс
упс, ай диди ит эгейн
Упыри!
Ура! Ты здесь!
ура!!!
Уродство!
Уси-пуси
Успех всегда был великим лжецом.
Успех от слова успеть
Успехов в чате. Если нужна помощь – обращайся!
Успокоили, блин
успокойье его кто-нибудь
Утомился это слушать
Утомительные речи
Утречка ясного, дня прекрасного, вечера отличного, настроения приличного!
Утя-путя
У-упс
У-уу, Ёхан Палыч
Ушлепки, по другому и не скажешь
Ущипните меня кто-нибудь, я хочу проснуться
Ущипните меня, я сплю
фак
Фальшивых людей опаснее иметь друзьями, чем врагами
Феноменально!
Фигак-фигак и в продакшен
Фигасе
Фиглиу тут думать?
Физкульт-привет
Флаг им в руки
Фрики, ё-моё
Фу, пронесло
фу-ты
фу-фу
ха
Хай!
хайль
Хана!
Харе воду мутить. Все верно они говорят
Харе всех кошмарить
Харе гнать
Харе уже
Хата крутится, лавэха мутится!
ха-ха
Ха-ха! Это гениально
ха-ха-ха
хаюшки
Хватит негативить
Хватит нести чушь. Достало уже!
Хватит ныть, настройся на позитив
хвать, принял
Хвостики поджали, глазки в пол
хе-хе
хи-хи
Хлеба и зрелищь. Мне больше ничего не надо
хлобысть
хны
хнык
Ходит по лезвию бритвы
Ходют тут всякие
Ходят вокруг да около
Хорошая беседа бодрит, как чашка крепкого кофе, и заснуть после нее так же трудно. 
Хорошая беседа обогащает, иначе - это пустая трата времени, обедняющая душу
Хорошая беседа сокращает дорогу    
Хорошая и умная мысль часто тонет в потоке слов
Хорошая теория — это элегантная теория
Хорошего денька!
Хорошего собеседника узнаёшь по молчанию
Хорошей порки не хватает
Хотел бы я стать их другом
Хотелось бы спросить, почём твоя беседа... ни о чём?    
Хотите обсудить что то глобальное? Милости прошу
Хоть какой-то толк с меня
Хоть кол на голове теши
Хотя бы раз в году не с каждым встречным поговорите вкрадчиво о... вечном
хо-хо
хо-хо-хо
Хочеться забыться и уснуть
Хочешь чудес? Меняй взгляд на привычные вещи.
хрусть
хрясть
хрясь
Ху, показалось
Ху, полегчало
Хьюстон, у нас проблема
цап-царап
Целиком и полностью поддерживаю
Цензура ограничивает нашу свободу. Хорошо, что есть возможность тут высказаться
Цените мгновения, пока не ушли в архив.
цыпа-цыпа
цыц
чао
чао-кокао
Часами могу это слушать
Частная беседа – разделённый с кем-либо диалог
Часто за излишней сложностью скрывается невежество
Часто за сладкое расплачиваемся очень горько
Чат осветился при твоем появлении
Чат рад вам и держит душу открытой для вас
Чего нельзя выдержать, коль не шутить
Чего они там все курят то?
Чего только иногда ни сделаешь ради поддержания беседы. Даже сделаешь вид, что слушаешь собеседника
Чего только не придумают PR-ики
Чего только не узнаешь от других
Чего только ни скажешь для поддержания беседы - вплоть до явных оскорблений
Чего-то вдруг?
Чего-то на меня икотка напала. Не вы ли вспоминали?
Человек с высоким статусом завоевывает внимание мгновенно
Человечек запутался совсем
Чем больше выпито, тем более непринуждённой становится беседа, но в ущерб пониманию. Которое совсем необязательно уважающим друг друга людям
Чем больше чепухи, тем оживленнее беседа
Чем дешевле водка, тем мутней беседа
Чем могу быть полезна?
Чем могу служить?
Чем старее я становлюсь, тем лучше я был
Чем улыбнуть тебя?
Чем хороши беседы ни о чём? Не с кем отношения не испортишь
Чем хуже мы думаем о людях, тем больше отрицательного находим в их поведении — и наоборот
Чем я могу вам помочь?
Чёрт его знает
Чертовщина какая-то
Честный человек всегда приветствуется нами, когда бы он ни пришел…
Четко. Без эмоций. Ноль ошибок
Чирик-чирик
Чистое мастерство, и никак иначе!
Чит-чат офигенский сервис, можно высказывать свое мнение
Чмоки-чмоки
Чрезмерное согласие беседующих убивает саму беседу
Что бы ты сейчас ни делал, я всем сердцем – с тобой.
Что вы имеете против?
Что должно было произойти, произошло
Что за глупости?
Что и требовалось доказать
Что привело вас сюда?
Что с людьми эмоции делают! Толи я - уравновешенный
Что тебя интересует?
Что хорошего ты принес с собой?
Что, собственно, тут происходит?
Чтоб вместо «ё.!» воскликнуть «ёлки-палки!».
Чтобы не болтали злые языки, это правда
Чтобы понравиться собеседнику, надо жадно пожирать его словесную «выпечку» вприкуску с похвалой
Чтобы хоть как-то оживить вялотекущую беседу, договорились друг друга оскорблять для пущего накала эмоций
Что-то мне подсказывает, что добром это не кончится
Что-то мне подсказывает, что это фигня
Что-то мне приключений захотелось... Почудим?
Что-то скучно стало жить… Нужно что-то натворить!
Что-то тут нечисто
Что-то я немного выпал из контекста
Чувак, да ты запарил
Чувак, свали с глаз долой
Чувствуешь дрожь в коленках?
Чувствую себя из будущего, который и так все это знал
Чудеса, да и только
Чудики, не иначе
Чур меня
Чуть не случился позор
Чую, закончится это бедой
Чьо-то в этом есть
Чья бы корова мычала…
Шайтан
Шапочка из фольги должна помочь
Шепотом, говорим на полтона ниже
Школа готовит нас к жизни в мире, которого не существует
Шмыг-шмыг, поплакал
Шок после всего увиденного
Ща помру от смеша
Ща, все будет
щёлк
Що творят, ироды
Эврика!
э-ге-ге
Эге-гей, давно этого ждал
Элементарно, Ватсон
Этим можно заниматься бесконечно
Это бизнес, детка
Это бомба! Интернет взорвется
Это было бы здорово!
Это было обидно
Это все еще цветочки, ягодки будут потом
Это до добра не доведёт, уже проверено
Это долбоебизм, что тут классного?
это ещё одна замануха для лохов?
Это заговор! Миром правят масоны!
Это знак свыше
Это конечно мой промах, надо было все объяснить в пояснениях к цитате.Нет, что вы. Очень занимательная беседа случилась
Это кто пришел, такой хорошенький?
Это кто так говорил?
Это может кому-то нравиться?
Это мой путь ниндзя
Это мой самый любимый момент
Это не должно так закончиться
Это не я неудачно высказался – это вы не вовремя прислушались3 
Это несправедливо!
Это однозначно станет мемом
Это они так самоутверждаются
Это офигенно!
Это про стыд совсем не туда.)) скука
Это происходит ДЛЯ меня, а не СО мной
Это происходит на самом деле?
Это просто праздник какой-то
Это просто супер-пупер. Еще давай!
Это реально происходит?
Это самое интересное, что мне попадалось за последнее время
Это случайно вышло, я не хотел!
Это тебя волновать должно в последнюю очередь
Это только начало, дальше будет еще интересней
Это ты тут самый умный, что ли?
Это уже обсуждалось неоднократно, давайте не повторяться
Это фиаско, братан
Это худшее, что я когда-либо видел
Это что-то новенькое
Это явная ложь, даже не краснеет
Этого не может быть!
Этот чат – твой правильный выбор!
Этот чат ждал именно тебя!
Этот чат ждет твоих сочинений
Этот чат ожил благодаря тебе
Эх, пить будем, да и гулять будем…
э-хе-хе
Я - высший разум
Я - специи в блюде общенья людей. Со мной - живей беседа, ярче песня
Я безумно хочу пиццу
Я бы на его месте не заморачивался так
Я в восторге от твоего появления
Я вообще-то не шучу
Я давно уже на все забил
Я дождалась тебя!
Я и так такое вижу каждый день на улице
Я мог бы Вам ответить, да нечем – руки заняты
Я не мазохист на это смотреть
Я не Минздрав — предупреждать не буду
Я не поменял мнение, я его сформировал
Я ничего плохого не делал!
Я обязан все узнать
Я пас
Я по тебе соскучился!
Я пришел к тебе с приветом, топором и пистолетом
Я пришел с миром
Я сплю что ли?
Я спросил у ясеня, я спросил у тополя
Я стараюсь иметь уникальную точку зрения, иначе я просто пересказываю других
Я так рад, что имею возможность высказыавать открыто свое мнение
Я требую продолжения банкета!
Я три дня гналась за вами, чтобы сказать, как вы мне безразличны
Я уже все поведал в это жизни
Я уже не надеялась, что мы встретимся тут
Я уже с вами и в этот раз навсегда
Я что один так думаю?
Я шепну тебе на ушко… все будет хорошо
Я категорически вас прошу не вмешиваться
Явно проявляются детские травмы
Явно что-то не договаривает
яволь
ядрёна вошь
Ядрена-матрёна
Ясное дело, что не хотел
Давно пора!
Другое дело!
Приехали!
Короче, с меня хватит
Эх, скукота
Ой, да что же это такое делается то?
У кого какие мысли? Кто что знает?
Туды их через коромысло
Сектанты гребанные
Надо будет провести с ними душеспасительную беседу
Чтобы эти мракобесы там не думали, все получится
Хватит из меня чудовище лепить
Чего хочу сказать то…
Долбоящер
Чувства юмора не хватает
Для простачков
Ворчуны
Токсичные люди
Волки позорные
Нас осталось мало: мы да наша боль
Спасибо тебе, добрый человек
Слезами горю не поможешь
Ну, здорова, братья по крови
Токсичные разговоры
Стоит прислушаться
Полезно
Неоднозначно
Неоднозначные утверждения
Нереально круто
Круто же
Никак не пойму, что за тема?
О чем сыр-бор?
В точку!
В яблочка!
Зрит в корень!
Бомба!
Блестящая игра!
Это я так, для ремарки
Вставлю свои 5 копеек
Спасибо, большущее!
Итак, вот такой план
Молодцом, справился!
Дай Бог все получится
Соскучился, имею право!
Так ситуация такая
Положение обязывает
У каждого своя правда
Время все рассудит
Время лечит
Время рассудит
Время уносит все
Конечно, время всех рассудит
Почём опиум для народа?
Мы живем в жестоком мире
Хорошо то как
Как к вам обращаться?
И кто они после этого?
Ну, что же, это отлично… отлично
Это огромная честь!
Всю плешь проедят
Охохонюшки
Ну, с богом!
Ну, вот. А я так надеялся поговорить с умным человеком. Увы.
Увы
Увы и такое бывает
Заткнись!
Слава богу….
Вот это называется, приехали
П - Приехали
Мразь!
Я как лейтеха сопливый повелся
Что дальше то?
Что будем делать?
Ха-ха…Ну, это понятно
Как салага поверил им
Знай свое место, салага
Ну, что, я повторю свой вопрос. И что теперь делать?
Есть идеи получше?
Ну и навели шухеру
Здрямс
Приключение начинается
Ироды
Адские мысли
Превосходная падача материала
Не разводить панику!
Экстрим!
Да. Ниогда в жизни
Не накручивайте себя так
Не ждите чудес - чудите сами
Смотря где ..
Напишите ещё раз
Недурно!
Всем слушать! Говорить буду!
Эти люди вообще где живут?
Смотрите, как заговорил
Вот, это уже другой разговор
На все 180 развернулся
Я так переволновался
Это все наветы завистников
Завидки
По-моему, отличный план
Завидовать нехорошо
Зис из гууд!
Наших бьют!
Я манал такие разговорчики
Попадалово
Слово сказать не дают
Красота!
Пост принял
Они справятся
Вот это я понимаю
Да, ничего, я привык
Воу-воу, полегче
Ноу, шит
Я и сам в это не очень верю
Мощща
Это то да
Впечатляет
Их специально подначивают
Ну, чего туту вас? Как успехи?
Развилось тут, понимаешь
Как они в эту передрягу попали?
Я, че, рыжий что ли?
Все путем
Активный настрой
Шляпа
